TAXON_ORDER,CATEGORY,SPECIES_CODE,PRIMARY_COM_NAME,SCI_NAME,ORDER1,FAMILY,SPECIES_GROUP,REPORT_AS,sp,Sequence,Species1,Family1,Order1,Avibase.ID1,Total.individuals,Female,Male,Unknown,Complete.measures,Beak.Length_Culmen,Beak.Length_Nares,Beak.Width,Beak.Depth,Tarsus.Length,Wing.Length,Kipps.Distance,Secondary1,Hand-Wing.Index,Tail.Length,Mass,Mass.Source,Mass.Refs.Other,Inference,Traits.inferred,Reference.species,Habitat,Habitat.Density,Migration,Trophic.Level,Trophic.Niche,Primary.Lifestyle,Min.Latitude,Max.Latitude,Centroid.Latitude,Centroid.Longitude,Range.Size
,,,,,,,,,Blythapostrophes Reed Warbler,,,,,,,,,,,,,,,,,,,,,,,,,,,,,,,,,,,,,
30675.0,species,whiwag,White Wagtail,Motacilla alba,Passeriformes,Motacillidae (Wagtails and Pipits),,,White Wagtail,10016.0,Motacilla alba,Motacillidae,Passeriformes,AVIBASE-400E032C,27.0,11.0,16.0,0.0,10.0,16.1,9.7,3.4,3.5,23.4,87.0,27.4,59.7,31.4,86.8,23.9,Dunning,,NO,,,Human Modified,3.0,3.0,Carnivore,Invertivore,Terrestrial,22.95,76.0,52.86,81.67,39488711.64
7429.0,species,osprey,Osprey,Pandion haliaetus,Accipitriformes,Pandionidae (Osprey),,,Osprey,2961.0,Pandion haliaetus,Pandionidae,Accipitriformes,AVIBASE-1327AC55,12.0,5.0,4.0,3.0,8.0,47.0,27.7,17.3,19.6,49.8,468.4,204.8,253.0,44.9,201.3,1483.2,Dunning,,NO,,,Marine,3.0,3.0,Carnivore,Aquatic predator,Aerial,-37.8,70.69,49.18,25.45,31298390.01
31905.0,species,chispa,Chipping Sparrow,Spizella passerina,Passeriformes,Passerellidae (New World Sparrows),,,Chipping Sparrow,10297.0,Spizella passerina,Passerellidae,Passeriformes,AVIBASE-37E9CCDA,5.0,2.0,3.0,0.0,4.0,13.1,7.0,4.0,4.9,16.3,68.0,16.3,51.0,24.2,56.0,12.2,Dunning,,NO,,,Forest,2.0,3.0,Omnivore,Omnivore,Generalist,12.94,66.24,47.04,-103.73,13081064.54
21259.0,species,bkcchi,Black-capped Chickadee,Poecile atricapillus,Passeriformes,"Paridae (Tits, Chickadees, and Titmice)",,,Black-capped Chickadee,7216.0,Poecile atricapillus,Paridae,Passeriformes,AVIBASE-B1F0CC82,13.0,5.0,7.0,1.0,7.0,10.3,7.2,3.7,4.0,16.8,64.4,12.0,52.5,18.6,61.7,10.8,Dunning,,NO,,,Forest,1.0,1.0,Omnivore,Invertivore,Insessorial,34.2,65.98,50.08,-104.99,9078514.18
7412.0,species,blkvul,Black Vulture,Coragyps atratus,Cathartiformes,Cathartidae (New World Vultures),,,Black Vulture,2956.0,Coragyps atratus,Cathartidae,Cathartiformes,AVIBASE-4FF7DE80,8.0,0.0,3.0,5.0,4.0,60.0,35.0,14.8,16.1,76.1,410.1,58.4,352.6,14.3,180.0,1881.7,Dunning,,NO,,,Human Modified,3.0,2.0,Omnivore,Scavenger,Terrestrial,-50.31,41.66,-4.79,-67.36,21173636.93
8688.0,species,burowl,Burrowing Owl,Athene cunicularia,Strigiformes,Strigidae (Owls),,,Burrowing Owl,2803.0,Athene cunicularia,Strigidae,Strigiformes,AVIBASE-B9EE9676,5.0,2.0,3.0,0.0,4.0,24.1,15.5,7.9,13.7,43.4,180.0,51.0,128.9,28.3,80.2,150.6,Dunning,,NO,,,Grassland,3.0,1.0,Carnivore,Vertivore,Generalist,-53.49,53.84,3.15,-79.83,14303129.42
20496.0,species,blujay,Blue Jay,Cyanocitta cristata,Passeriformes,"Corvidae (Crows, Jays, and Magpies)",,,Blue Jay,7025.0,Cyanocitta cristata,Corvidae,Passeriformes,AVIBASE-1DA430B8,11.0,2.0,9.0,0.0,4.0,29.9,18.6,10.1,8.9,34.7,130.0,22.9,108.3,17.4,121.4,88.0,Dunning,,NO,,,Woodland,2.0,1.0,Omnivore,Omnivore,Terrestrial,24.53,56.76,43.18,-90.29,6665383.16
28890.0,species,cedwax,Cedar Waxwing,Bombycilla cedrorum,Passeriformes,Bombycillidae (Waxwings),,,Cedar Waxwing,9375.0,Bombycilla cedrorum,Bombycillidae,Passeriformes,AVIBASE-9437D635,10.0,4.0,6.0,0.0,4.0,15.1,6.6,4.5,4.9,16.7,95.4,33.5,62.0,35.1,59.8,31.6,Dunning,,NO,,,Woodland,2.0,3.0,Herbivore,Frugivore,Insessorial,33.45,60.2,47.88,-97.87,7437954.14
11419.0,species,coffal1,Collared Forest-Falcon,Micrastur semitorquatus,Falconiformes,Falconidae (Falcons and Caracaras),,,Collared Forest-Falcon,4016.0,Micrastur semitorquatus,Falconidae,Falconiformes,AVIBASE-8217BC4F,11.0,5.0,4.0,2.0,4.0,32.0,18.7,10.8,18.7,82.7,267.7,53.4,220.8,19.4,279.8,621.7,Dunning,,NO,,,Forest,1.0,1.0,Carnivore,Vertivore,Generalist,-29.77,24.22,-6.85,-59.77,13182553.54
32676.0,species,rewbla,Red-winged Blackbird,Agelaius phoeniceus,Passeriformes,Icteridae (Troupials and Allies),,,Red-winged Blackbird,10522.0,Agelaius phoeniceus,Icteridae,Passeriformes,AVIBASE-C86D078E,7.0,2.0,5.0,0.0,6.0,22.7,15.4,5.6,8.8,28.0,118.0,27.8,88.9,24.0,88.9,50.8,Dunning,,NO,,,Wetland,3.0,3.0,Herbivore,Granivore,Generalist,9.66,67.41,44.62,-102.04,13703226.95
21254.0,species,carchi,Carolina Chickadee,Poecile carolinensis,Passeriformes,"Paridae (Tits, Chickadees, and Titmice)",,,Carolina Chickadee,7215.0,Poecile carolinensis,Paridae,Passeriformes,AVIBASE-F941AAD3,15.0,7.0,6.0,2.0,13.0,8.9,6.6,3.5,3.7,14.8,58.8,11.4,47.0,19.5,49.6,10.0,Dunning,,NO,,,Forest,2.0,1.0,Omnivore,Invertivore,Insessorial,27.68,41.22,34.9,-88.36,2312694.52
16339.0,species,easpho,Eastern Phoebe,Sayornis phoebe,Passeriformes,Tyrannidae (Tyrant Flycatchers),,,Eastern Phoebe,5871.0,Sayornis phoebe,Tyrannidae,Passeriformes,AVIBASE-62CA2AF8,5.0,2.0,3.0,0.0,4.0,17.4,9.7,5.5,4.1,17.7,83.9,17.4,66.7,20.6,70.1,19.7,Dunning,,NO,,,Forest,2.0,3.0,Carnivore,Invertivore,Insessorial,28.79,65.21,47.3,-95.73,6246276.45
6326.0,species,ribgul,Ring-billed Gull,Larus delawarensis,Charadriiformes,"Laridae (Gulls, Terns, and Skimmers)",,,Ring-billed Gull,2622.0,Larus delawarensis,Laridae,Charadriiformes,AVIBASE-23863F65,5.0,2.0,2.0,1.0,4.0,48.1,19.6,6.2,13.0,51.2,366.0,205.5,160.0,56.2,133.2,516.3,Dunning,,NO,,,Coastal,3.0,2.0,Carnivore,Omnivore,Terrestrial,39.94,61.17,50.01,-101.06,5396423.36
7709.0,species,miskit,Mississippi Kite,Ictinia mississippiensis,Accipitriformes,"Accipitridae (Hawks, Eagles, and Kites)",,,Mississippi Kite,3157.0,Ictinia mississippiensis,Accipitridae,Accipitriformes,AVIBASE-ACFC8EB6,4.0,2.0,2.0,0.0,4.0,23.0,14.7,11.0,12.3,37.0,291.8,156.5,135.2,53.6,150.2,276.0,Dunning,,NO,,,Woodland,2.0,3.0,Carnivore,Invertivore,Generalist,28.86,42.56,33.57,-92.91,824795.96
32036.0,species,daejun,Dark-eyed Junco,Junco hyemalis,Passeriformes,Passerellidae (New World Sparrows),,,Dark-eyed Junco,10412.0,Junco hyemalis,Passerellidae,Passeriformes,AVIBASE-05FF3C9B,8.0,3.0,5.0,0.0,4.0,11.6,7.8,4.5,5.3,21.1,75.2,16.4,58.6,21.9,63.8,19.5,Dunning,,NO,,,Forest,2.0,3.0,Herbivore,Granivore,Generalist,30.59,70.27,53.3,-109.7,10167654.77
8075.0,species,brwhaw,Broad-winged Hawk,Buteo platypterus,Accipitriformes,"Accipitridae (Hawks, Eagles, and Kites)",,,Broad-winged Hawk,3189.0,Buteo platypterus,Accipitridae,Accipitriformes,AVIBASE-79F3C681,13.0,6.0,7.0,0.0,4.0,28.3,17.8,11.1,14.4,53.4,277.7,103.7,177.4,36.9,178.8,453.7,Dunning,,NO,,,Forest,2.0,3.0,Carnivore,Vertivore,Insessorial,11.13,55.3,42.9,-87.09,4864047.78
20762.0,species,amecro,American Crow,Corvus brachyrhynchos,Passeriformes,"Corvidae (Crows, Jays, and Magpies)",,,American Crow,6985.0,Corvus brachyrhynchos,Corvidae,Passeriformes,AVIBASE-9E9F2476,13.0,4.0,9.0,0.0,4.0,51.1,35.4,14.7,17.7,59.3,309.6,109.1,199.9,35.3,177.3,448.8,Dunning,,NO,,,Human Modified,2.0,2.0,Omnivore,Omnivore,Terrestrial,24.53,63.75,46.23,-97.42,11573830.54
,,,,,,,,,Harrisapostrophes Hawk,,,,,,,,,,,,,,,,,,,,,,,,,,,,,,,,,,,,,
2369.0,species,moudov,Mourning Dove,Zenaida macroura,Columbiformes,Columbidae (Pigeons and Doves),,,Mourning Dove,717.0,Zenaida macroura,Columbidae,Columbiformes,AVIBASE-00124D98,15.0,5.0,7.0,3.0,6.0,19.6,9.3,2.7,3.4,19.6,144.4,53.1,91.6,36.6,122.2,118.9,Dunning,,NO,,,Human Modified,3.0,1.0,Herbivore,Granivore,Terrestrial,7.45,56.32,39.64,-99.32,11131808.01
7476.0,species,orihob2,Oriental Honey-buzzard,Pernis ptilorhynchus,Accipitriformes,"Accipitridae (Hawks, Eagles, and Kites)",,,Oriental Honey-buzzard,2974.0,Pernis ptilorhynchus,Accipitridae,Accipitriformes,AVIBASE-1192205B,5.0,2.0,3.0,0.0,4.0,55.9,21.4,13.1,15.4,49.0,413.6,130.7,278.6,32.0,263.8,1141.1,Dunning,,NO,,,Woodland,2.0,1.0,Carnivore,Invertivore,Insessorial,-10.58,56.97,32.05,103.73,11263289.52
8060.0,species,gryhaw2,Gray Hawk,Buteo plagiatus,Accipitriformes,"Accipitridae (Hawks, Eagles, and Kites)",,,Gray Hawk,3185.0,Buteo plagiatus,Accipitridae,Accipitriformes,AVIBASE-943AA4FB,4.0,2.0,2.0,0.0,4.0,34.1,20.9,11.4,17.2,78.7,267.9,81.6,186.3,30.5,162.0,519.0,DataFromSplit,,NO,,,Forest,1.0,1.0,Carnivore,Vertivore,Insessorial,9.36,33.17,19.92,-96.08,1432406.12
8542.0,species,snoowl1,Snowy Owl,Bubo scandiacus,Strigiformes,Strigidae (Owls),,,Snowy Owl,2925.0,Bubo scandiacus,Strigidae,Strigiformes,AVIBASE-5B23B360,5.0,3.0,2.0,0.0,4.0,44.3,22.2,14.9,22.1,62.2,418.8,172.0,246.8,41.1,215.0,2028.8,Dunning,,NO,,,Grassland,3.0,3.0,Carnivore,Vertivore,Insessorial,52.33,83.63,71.95,-28.4,5773405.49
6025.0,species,comsan,Common Sandpiper,Actitis hypoleucos,Charadriiformes,Scolopacidae (Sandpipers and Allies),,,Common Sandpiper,2527.0,Actitis hypoleucos,Scolopacidae,Charadriiformes,AVIBASE-8548B07E,11.0,2.0,3.0,6.0,4.0,30.1,19.9,3.1,4.0,22.4,109.9,51.1,55.4,48.0,57.4,48.0,Dunning,,NO,,,Wetland,3.0,3.0,Carnivore,Aquatic predator,Terrestrial,29.79,71.19,55.26,79.82,25847437.41
33040.0,species,yerwar,Yellow-rumped Warbler,Setophaga coronata,Passeriformes,Parulidae (New World Warblers),,,Yellow-rumped Warbler,10620.0,Setophaga coronata,Parulidae,Passeriformes,AVIBASE-524C7116,12.0,6.0,6.0,0.0,3.0,12.6,7.2,3.4,3.4,18.1,71.6,17.6,54.1,24.5,56.3,11.9,Dunning,,NO,,,Forest,1.0,3.0,Carnivore,Invertivore,Insessorial,40.75,69.23,56.68,-107.87,7207362.84
8806.0,species,loeowl,Long-eared Owl,Asio otus,Strigiformes,Strigidae (Owls),,,Long-eared Owl,2871.0,Asio otus,Strigidae,Strigiformes,AVIBASE-FC4D40D2,11.0,9.0,2.0,0.0,6.0,28.3,14.9,8.8,12.5,40.1,280.7,115.5,165.2,41.2,137.0,296.6,Dunning,,NO,,,Forest,2.0,2.0,Carnivore,Vertivore,Aerial,27.64,70.53,50.73,26.52,27618929.92
11599.0,species,prafal,Prairie Falcon,Falco mexicanus,Falconiformes,Falconidae (Falcons and Caracaras),,,Prairie Falcon,4073.0,Falco mexicanus,Falconidae,Falconiformes,AVIBASE-BBFF0963,5.0,2.0,3.0,0.0,4.0,31.1,20.0,13.8,16.5,55.6,325.0,166.0,163.2,50.5,188.4,713.1,Dunning,,NO,,,Grassland,3.0,3.0,Carnivore,Vertivore,Aerial,23.33,53.54,40.14,-111.4,3975634.14
20829.0,species,comrav,Common Raven,Corvus corax,Passeriformes,"Corvidae (Crows, Jays, and Magpies)",,,Common Raven,6979.0,Corvus corax,Corvidae,Passeriformes,AVIBASE-B9B272F4,46.0,15.0,31.0,0.0,10.0,77.0,49.2,21.9,27.9,67.1,419.7,167.2,252.7,39.8,228.7,928.0,Dunning,,NO,,,Forest,3.0,2.0,Omnivore,Omnivore,Terrestrial,12.76,83.11,54.65,18.59,52288449.5
303.0,species,cangoo,Canada Goose,Branta canadensis,Anseriformes,"Anatidae (Ducks, Geese, and Waterfowl)",,,Canada Goose,408.0,Branta canadensis,Anatidae,Anseriformes,AVIBASE-B59E1863,10.0,5.0,3.0,2.0,8.0,50.0,28.2,19.9,15.3,73.3,422.9,206.5,210.9,49.4,121.6,2811.7,Dunning,,NO,,,Grassland,3.0,3.0,Herbivore,Herbivore terrestrial,Terrestrial,26.42,73.07,53.3,-104.21,12236810.45
8659.0,species,elfowl,Elf Owl,Micrathene whitneyi,Strigiformes,Strigidae (Owls),,,Elf Owl,2802.0,Micrathene whitneyi,Strigidae,Strigiformes,AVIBASE-D74BA965,4.0,2.0,2.0,0.0,4.0,12.9,8.0,5.2,7.4,20.1,108.2,32.5,75.8,30.0,47.0,41.0,Dunning,,NO,,,Shrubland,2.0,3.0,Carnivore,Invertivore,Insessorial,17.2,35.08,30.03,-108.03,643111.79
8857.0,species,nswowl,Northern Saw-whet Owl,Aegolius acadicus,Strigiformes,Strigidae (Owls),,,Northern Saw-whet Owl,2810.0,Aegolius acadicus,Strigidae,Strigiformes,AVIBASE-26BA25EF,5.0,3.0,2.0,0.0,4.0,18.2,9.9,7.0,10.5,23.6,135.2,40.2,95.0,29.8,78.0,100.7,Dunning,,NO,,,Forest,2.0,3.0,Carnivore,Vertivore,Insessorial,17.47,61.96,46.64,-101.55,5712891.95
483.0,species,mallar3,Mallard,Anas platyrhynchos,Anseriformes,"Anatidae (Ducks, Geese, and Waterfowl)",,,Mallard,525.0,Anas platyrhynchos,Anatidae,Anseriformes,AVIBASE-85625D75,12.0,6.0,6.0,0.0,4.0,58.5,41.0,20.8,17.8,40.6,263.4,133.5,129.9,50.7,86.9,843.4,Dunning,,NO,,,Wetland,3.0,2.0,Herbivore,Herbivore aquatic,Aquatic,20.46,72.37,51.63,11.04,39707247.47
8375.0,species,whsowl1,Whiskered Screech-Owl,Megascops trichopsis,Strigiformes,Strigidae (Owls),,,Whiskered Screech-Owl,2885.0,Megascops trichopsis,Strigidae,Strigiformes,AVIBASE-2E2B24EB,4.0,3.0,1.0,0.0,4.0,19.7,9.8,5.1,10.1,24.9,148.8,36.0,112.7,24.2,77.2,88.3,Dunning,,NO,,,Forest,1.0,1.0,Carnivore,Invertivore,Insessorial,12.76,31.89,22.14,-101.61,660977.77
526.0,species,norpin,Northern Pintail,Anas acuta,Anseriformes,"Anatidae (Ducks, Geese, and Waterfowl)",,,Northern Pintail,541.0,Anas acuta,Anatidae,Anseriformes,AVIBASE-56CCA717,10.0,5.0,5.0,0.0,4.0,48.1,31.9,14.5,14.8,36.9,256.7,148.4,107.8,57.8,124.7,944.6,Dunning,,NO,,,Wetland,3.0,3.0,Herbivore,Herbivore aquatic,Aquatic,38.65,75.28,59.6,26.95,28403500.77
7662.0,species,goleag,Golden Eagle,Aquila chrysaetos,Accipitriformes,"Accipitridae (Hawks, Eagles, and Kites)",,,Golden Eagle,3050.0,Aquila chrysaetos,Accipitridae,Accipitriformes,AVIBASE-5F8E7CA8,8.0,2.0,6.0,0.0,8.0,56.8,37.0,18.5,28.4,101.4,603.1,221.2,381.9,36.7,307.1,4248.0,Dunning,,NO,,,Grassland,3.0,2.0,Carnivore,Vertivore,Aerial,6.36,71.12,50.67,38.05,39450257.98
10707.0,species,rebwoo,Red-bellied Woodpecker,Melanerpes carolinus,Piciformes,Picidae (Woodpeckers),,,Red-bellied Woodpecker,3937.0,Melanerpes carolinus,Picidae,Piciformes,AVIBASE-078557F2,10.0,4.0,6.0,0.0,5.0,32.6,21.6,7.1,7.6,21.1,127.2,35.5,90.4,28.2,76.8,69.5,Dunning,,NO,,,Woodland,1.0,1.0,Omnivore,Omnivore,Insessorial,24.53,46.9,36.96,-88.0,3074161.82
8092.0,species,zothaw,Zone-tailed Hawk,Buteo albonotatus,Accipitriformes,"Accipitridae (Hawks, Eagles, and Kites)",,,Zone-tailed Hawk,3195.0,Buteo albonotatus,Accipitridae,Accipitriformes,AVIBASE-597D7DD6,5.0,1.0,3.0,1.0,3.0,35.1,21.1,12.7,16.9,70.4,398.0,159.7,236.7,40.3,217.0,745.9,Dunning,,NO,,,Forest,1.0,1.0,Carnivore,Vertivore,Aerial,-28.09,36.47,0.47,-69.62,7192504.19
6006.0,species,pitsni,Pin-tailed Snipe,Gallinago stenura,Charadriiformes,Scolopacidae (Sandpipers and Allies),,,Pin-tailed Snipe,2511.0,Gallinago stenura,Scolopacidae,Charadriiformes,AVIBASE-EE61E2CA,5.0,2.0,3.0,0.0,4.0,65.7,54.2,5.2,6.9,30.5,126.8,59.3,68.2,46.5,44.0,113.0,Dunning,,NO,,,Wetland,3.0,3.0,Carnivore,Aquatic predator,Terrestrial,45.0,72.67,62.22,115.49,8781511.92
32099.0,species,whcspa,White-crowned Sparrow,Zonotrichia leucophrys,Passeriformes,Passerellidae (New World Sparrows),,,White-crowned Sparrow,10419.0,Zonotrichia leucophrys,Passerellidae,Passeriformes,AVIBASE-8601A467,5.0,2.0,3.0,0.0,4.0,15.4,8.4,4.5,6.0,22.8,78.7,18.5,60.9,23.4,70.6,28.0,Dunning,,NO,,,Shrubland,2.0,3.0,Omnivore,Omnivore,Generalist,33.38,70.64,58.71,-115.14,7364178.61
6152.0,species,colpra,Collared Pratincole,Glareola pratincola,Charadriiformes,Glareolidae (Pratincoles and Coursers),,,Collared Pratincole,2571.0,Glareola pratincola,Glareolidae,Charadriiformes,AVIBASE-D56ABB4E,5.0,2.0,3.0,0.0,4.0,20.1,9.9,4.9,6.0,30.9,181.6,110.6,71.7,60.7,106.0,84.9,Dunning,,NO,,,Grassland,3.0,3.0,Carnivore,Invertivore,Aerial,-30.13,50.75,30.72,47.97,5351786.34
5359.0,species,y00475,American Coot,Fulica americana,Gruiformes,"Rallidae (Rails, Gallinules, and Coots)",,,American Coot,1887.0,Fulica americana,Rallidae,Gruiformes,AVIBASE-4FB248BA,11.0,4.0,4.0,3.0,10.0,37.3,14.8,5.9,10.7,54.8,183.1,65.8,115.7,36.3,50.6,636.7,Dunning,,NO,,,Wetland,3.0,2.0,Herbivore,Herbivore aquatic,Aquatic,4.77,62.69,42.59,-104.08,10934633.24
26438.0,species,carwre,Carolina Wren,Thryothorus ludovicianus,Passeriformes,Troglodytidae (Wrens),,,Carolina Wren,8613.0,Thryothorus ludovicianus,Troglodytidae,Passeriformes,AVIBASE-5217F951,13.0,3.0,6.0,4.0,10.0,16.9,11.1,3.2,3.9,21.4,59.4,6.8,52.6,11.4,50.7,19.0,Dunning,,NO,,,Woodland,2.0,1.0,Carnivore,Invertivore,Insessorial,21.45,45.64,35.21,-87.93,3040027.22
11575.0,species,perfal,Peregrine Falcon,Falco peregrinus,Falconiformes,Falconidae (Falcons and Caracaras),,,Peregrine Falcon,4074.0,Falco peregrinus,Falconidae,Falconiformes,AVIBASE-47E58408,18.0,7.0,8.0,3.0,8.0,31.1,18.4,13.7,15.4,45.1,314.7,165.0,152.6,52.2,143.0,760.0,Dunning,,NO,,,Grassland,3.0,2.0,Carnivore,Vertivore,Aerial,-55.98,80.18,50.28,21.82,38088662.45
7967.0,species,baleag,Bald Eagle,Haliaeetus leucocephalus,Accipitriformes,"Accipitridae (Hawks, Eagles, and Kites)",,,Bald Eagle,3142.0,Haliaeetus leucocephalus,Accipitridae,Accipitriformes,AVIBASE-FED3756C,4.0,2.0,2.0,0.0,4.0,76.0,48.2,24.0,34.1,81.7,601.8,248.8,353.0,41.4,294.0,4700.6,Dunning,,NO,,,Wetland,3.0,3.0,Carnivore,Omnivore,Generalist,24.3,69.43,54.57,-113.86,9351853.96
6339.0,species,hergul,Herring Gull,Larus argentatus,Charadriiformes,"Laridae (Gulls, Terns, and Skimmers)",,,Herring Gull,2629.0,Larus argentatus,Laridae,Charadriiformes,AVIBASE-F002188E,6.0,2.0,4.0,0.0,2.0,74.0,24.5,8.9,19.6,63.2,430.8,230.3,200.5,53.4,170.2,1091.0,Dunning,,NO,,,Coastal,3.0,2.0,Carnivore,Aquatic predator,Generalist,44.17,71.19,62.73,23.88,1540126.95
6028.0,species,grnsan,Green Sandpiper,Tringa ochropus,Charadriiformes,Scolopacidae (Sandpipers and Allies),,,Green Sandpiper,2529.0,Tringa ochropus,Scolopacidae,Charadriiformes,AVIBASE-A7B17EFC,6.0,2.0,3.0,1.0,4.0,37.4,27.6,2.7,4.1,32.9,137.8,63.2,74.8,45.8,59.5,71.4,Dunning,,NO,,,Wetland,3.0,3.0,Carnivore,Aquatic predator,Terrestrial,38.94,69.47,57.64,82.39,15230538.62
8121.0,species,ferhaw,Ferruginous Hawk,Buteo regalis,Accipitriformes,"Accipitridae (Hawks, Eagles, and Kites)",,,Ferruginous Hawk,3199.0,Buteo regalis,Accipitridae,Accipitriformes,AVIBASE-BA9191BC,5.0,2.0,3.0,0.0,4.0,41.3,23.8,18.3,20.2,81.6,431.0,179.2,254.5,41.3,240.6,1437.2,Dunning,,NO,,,Grassland,3.0,3.0,Carnivore,Vertivore,Generalist,33.21,53.3,43.14,-108.76,2780053.23
8773.0,species,brdowl,Barred Owl,Strix varia,Strigiformes,Strigidae (Owls),,,Barred Owl,2915.0,Strix varia,Strigidae,Strigiformes,AVIBASE-7AA076EF,4.0,2.0,2.0,0.0,4.0,38.8,21.6,11.2,19.6,60.1,341.2,101.0,240.2,29.6,218.3,711.5,Dunning,,NO,,,Forest,2.0,1.0,Carnivore,Vertivore,Insessorial,16.81,60.28,43.93,-92.86,6628563.52
,,,,,,,,,Tickellapostrophes Leaf Warbler,,,,,,,,,,,,,,,,,,,,,,,,,,,,,,,,,,,,,
7539.0,species,himgri1,Himalayan Griffon,Gyps himalayensis,Accipitriformes,"Accipitridae (Hawks, Eagles, and Kites)",,,Himalayan Griffon,3010.0,Gyps himalayensis,Accipitridae,Accipitriformes,AVIBASE-9BB5551E,4.0,1.0,1.0,2.0,4.0,82.5,55.2,23.5,34.0,115.6,759.8,269.5,490.2,35.5,339.0,9798.0,Dunning,,NO,,,Rock,3.0,1.0,Scavenger,Scavenger,Terrestrial,24.19,48.88,34.8,88.99,3859146.13
7416.0,species,turvul,Turkey Vulture,Cathartes aura,Cathartiformes,Cathartidae (New World Vultures),,,Turkey Vulture,2953.0,Cathartes aura,Cathartidae,Cathartiformes,AVIBASE-36B3872D,6.0,0.0,2.0,4.0,4.0,51.5,27.6,14.3,17.2,54.0,508.5,135.6,369.0,26.9,244.0,1518.2,Dunning,,NO,,,Human Modified,3.0,2.0,Scavenger,Scavenger,Terrestrial,-55.72,54.31,6.76,-77.26,28126442.74
7896.0,species,shshaw,Sharp-shinned Hawk,Accipiter striatus,Accipitriformes,"Accipitridae (Hawks, Eagles, and Kites)",,,Sharp-shinned Hawk,3122.0,Accipiter striatus,Accipitridae,Accipitriformes,AVIBASE-3B024163,20.0,8.0,10.0,2.0,16.0,18.3,10.1,7.3,9.4,49.9,181.6,56.6,126.8,30.7,134.3,130.6,Dunning,,NO,,,Forest,1.0,3.0,Carnivore,Vertivore,Aerial,-34.98,69.38,34.35,-96.11,16375303.87
3589.0,species,eurnig1,Eurasian Nightjar,Caprimulgus europaeus,Caprimulgiformes,Caprimulgidae (Nightjars and Allies),,,Eurasian Nightjar,1056.0,Caprimulgus europaeus,Caprimulgidae,Caprimulgiformes,AVIBASE-D6485237,9.0,4.0,5.0,0.0,4.0,20.2,7.3,4.5,3.1,17.3,183.2,103.3,90.2,53.4,130.6,67.0,Dunning,,NO,,,Shrubland,2.0,3.0,Carnivore,Invertivore,Aerial,25.0,64.46,47.43,55.71,19002486.05
32752.0,species,comgra,Common Grackle,Quiscalus quiscula,Passeriformes,Icteridae (Troupials and Allies),,,Common Grackle,10535.0,Quiscalus quiscula,Icteridae,Passeriformes,AVIBASE-8BBB3255,10.0,4.0,6.0,0.0,4.0,33.0,21.8,7.3,10.5,35.6,132.9,34.3,98.2,25.9,118.2,105.2,Dunning,,NO,,,Wetland,3.0,2.0,Carnivore,Omnivore,Terrestrial,24.53,61.37,44.95,-93.93,8216640.27
7168.0,species,grbher3,Great Blue Heron,Ardea herodias,Pelecaniformes,"Ardeidae (Herons, Egrets, and Bitterns)",,,Great Blue Heron,2234.0,Ardea herodias,Ardeidae,Pelecaniformes,AVIBASE-6A9DD06F,4.0,2.0,1.0,1.0,4.0,145.2,106.0,15.8,23.7,167.5,463.5,169.5,294.0,36.6,159.2,2523.4,Dunning,,NO,,,Wetland,3.0,2.0,Carnivore,Aquatic predator,Terrestrial,-1.41,61.14,44.07,-99.18,12219055.66
7525.0,species,cinvul1,Cinereous Vulture,Aegypius monachus,Accipitriformes,"Accipitridae (Hawks, Eagles, and Kites)",,,Cinereous Vulture,3018.0,Aegypius monachus,Accipitridae,Accipitriformes,AVIBASE-158BDC90,4.0,2.0,2.0,0.0,4.0,87.8,59.9,27.9,39.8,134.2,734.2,302.2,432.0,41.1,371.0,9320.6,Dunning,,NO,,,Forest,2.0,1.0,Scavenger,Scavenger,Terrestrial,25.27,54.37,41.63,87.87,7718571.19
27616.0,species,amerob,American Robin,Turdus migratorius,Passeriformes,Turdidae (Thrushes and Allies),,,American Robin,8976.0,Turdus migratorius,Turdidae,Passeriformes,AVIBASE-103427C5,14.0,8.0,6.0,0.0,5.0,23.4,12.5,5.6,6.8,32.7,127.0,36.9,90.3,29.0,95.7,78.5,Dunning,,NO,,,Forest,3.0,3.0,Omnivore,Invertivore,Generalist,15.92,70.58,50.87,-106.8,16455945.96
21352.0,species,tuftit,Tufted Titmouse,Baeolophus bicolor,Passeriformes,"Paridae (Tits, Chickadees, and Titmice)",,,Tufted Titmouse,7196.0,Baeolophus bicolor,Paridae,Passeriformes,AVIBASE-B488AB70,17.0,5.0,10.0,2.0,11.0,13.3,8.8,4.9,5.5,20.5,77.9,12.5,65.2,16.1,68.6,21.6,Dunning,,NO,,,Forest,1.0,1.0,Carnivore,Invertivore,Insessorial,25.84,45.77,36.97,-86.71,2969712.5
23408.0,species,cohmar1,Common House-Martin,Delichon urbicum,Passeriformes,Hirundinidae (Swallows),,,Common House-Martin,7686.0,Delichon urbicum,Hirundinidae,Passeriformes,AVIBASE-30FEC6BE,33.0,18.0,15.0,0.0,4.0,10.7,4.8,3.7,2.9,11.3,108.1,58.9,49.5,54.3,61.3,14.5,Dunning,,NO,,,Human Modified,3.0,3.0,Carnivore,Invertivore,Aerial,28.02,70.31,51.81,42.81,16377219.72
28623.0,species,blared1,Black Redstart,Phoenicurus ochruros,Passeriformes,Muscicapidae (Old World Flycatchers),,,Black Redstart,9290.0,Phoenicurus ochruros,Muscicapidae,Passeriformes,AVIBASE-612B5C24,22.0,11.0,11.0,0.0,4.0,15.4,8.1,2.8,2.9,22.4,83.1,19.2,64.1,23.1,60.4,16.5,Dunning,,NO,,,Rock,3.0,2.0,Omnivore,Invertivore,Insessorial,25.57,61.51,42.46,61.96,13764225.49
8602.0,species,fepowl,Ferruginous Pygmy-Owl,Glaucidium brasilianum,Strigiformes,Strigidae (Owls),,,Ferruginous Pygmy-Owl,2796.0,Glaucidium brasilianum,Strigidae,Strigiformes,AVIBASE-1EF8D138,11.0,3.0,5.0,3.0,4.0,15.1,10.3,6.1,10.7,17.2,93.8,16.6,77.1,17.7,62.8,63.3,Updated_literature,BoW,NO,,,Shrubland,2.0,1.0,Carnivore,Invertivore,Insessorial,-34.98,33.43,-6.96,-61.15,14375175.98
11559.0,species,batfal1,Bat Falcon,Falco rufigularis,Falconiformes,Falconidae (Falcons and Caracaras),,,Bat Falcon,4058.0,Falco rufigularis,Falconidae,Falconiformes,AVIBASE-EF9568DE,8.0,6.0,2.0,0.0,8.0,19.6,12.0,9.7,11.0,32.8,198.8,80.0,118.7,40.3,108.0,163.6,Dunning,,NO,,,Forest,2.0,1.0,Carnivore,Vertivore,Aerial,-27.05,28.05,-5.35,-61.19,13377698.05
32112.0,species,whtspa,White-throated Sparrow,Zonotrichia albicollis,Passeriformes,Passerellidae (New World Sparrows),,,White-throated Sparrow,10418.0,Zonotrichia albicollis,Passerellidae,Passeriformes,AVIBASE-39BD9FF2,10.0,4.0,5.0,1.0,5.0,13.6,8.4,5.1,6.3,23.0,72.8,14.3,58.1,19.7,70.4,24.4,Dunning,,NO,,,Woodland,2.0,3.0,Herbivore,Omnivore,Terrestrial,40.7,65.85,53.74,-95.18,5662700.85
7200.0,species,greegr,Great Egret,Ardea alba,Pelecaniformes,"Ardeidae (Herons, Egrets, and Bitterns)",,,Great Egret,2244.0,Ardea alba,Ardeidae,Pelecaniformes,AVIBASE-49D9148A,16.0,4.0,7.0,5.0,8.0,126.3,90.4,12.0,18.1,141.6,378.8,120.7,257.2,32.1,140.5,871.3,Dunning,,NO,,,Wetland,3.0,2.0,Carnivore,Aquatic predator,Terrestrial,-52.61,57.34,10.02,28.87,74898555.49
7459.0,species,egyvul1,Egyptian Vulture,Neophron percnopterus,Accipitriformes,"Accipitridae (Hawks, Eagles, and Kites)",,,Egyptian Vulture,2991.0,Neophron percnopterus,Accipitridae,Accipitriformes,AVIBASE-6D3480A6,5.0,2.0,3.0,0.0,4.0,61.7,33.0,10.4,13.5,77.2,490.8,236.0,255.0,48.0,247.2,2082.0,Dunning,,NO,,,Grassland,3.0,3.0,Omnivore,Scavenger,Generalist,-25.09,45.93,27.02,47.48,14111672.38
11528.0,species,merlin,Merlin,Falco columbarius,Falconiformes,Falconidae (Falcons and Caracaras),,,Merlin,4057.0,Falco columbarius,Falconidae,Falconiformes,AVIBASE-F3DA111C,5.0,2.0,3.0,0.0,4.0,16.6,11.8,8.0,10.5,34.3,199.6,98.8,103.5,48.9,116.6,188.5,Dunning,,NO,,,Woodland,3.0,3.0,Carnivore,Vertivore,Aerial,11.15,71.44,58.48,16.49,26326086.22
8066.0,species,reshaw,Red-shouldered Hawk,Buteo lineatus,Accipitriformes,"Accipitridae (Hawks, Eagles, and Kites)",,,Red-shouldered Hawk,3188.0,Buteo lineatus,Accipitridae,Accipitriformes,AVIBASE-EA4D6C0B,5.0,2.0,2.0,1.0,4.0,33.1,20.3,11.8,16.3,74.1,319.0,106.9,212.8,33.4,172.8,603.7,Dunning,,NO,,,Woodland,1.0,3.0,Carnivore,Vertivore,Aerial,24.95,47.85,37.72,-86.88,3542030.5
5992.0,species,woosni1,Wood Snipe,Gallinago nemoricola,Charadriiformes,Scolopacidae (Sandpipers and Allies),,,Wood Snipe,2510.0,Gallinago nemoricola,Scolopacidae,Charadriiformes,AVIBASE-34ABFEB7,5.0,2.0,3.0,0.0,4.0,71.4,56.6,6.1,8.9,34.4,135.0,42.2,93.5,31.1,53.8,167.7,Dunning,,NO,,,Forest,3.0,3.0,Carnivore,Aquatic predator,Terrestrial,25.94,32.74,28.9,95.0,468114.51
26025.0,species,whbnut,White-breasted Nuthatch,Sitta carolinensis,Passeriformes,Sittidae (Nuthatches),,,White-breasted Nuthatch,8556.0,Sitta carolinensis,Sittidae,Passeriformes,AVIBASE-19CCBBD2,5.0,2.0,3.0,0.0,4.0,19.1,12.2,4.0,4.2,18.5,88.6,27.6,60.9,31.2,48.8,21.0,Dunning,,NO,,,Forest,1.0,1.0,Omnivore,Omnivore,Insessorial,17.49,58.92,43.04,-102.26,8811748.35
7926.0,species,norgos,Northern Goshawk,Accipiter gentilis,Accipitriformes,"Accipitridae (Hawks, Eagles, and Kites)",,,Northern Goshawk,3128.0,Accipiter gentilis,Accipitridae,Accipitriformes,AVIBASE-420850D6,8.0,4.0,4.0,0.0,4.0,33.7,19.6,11.6,18.0,67.3,337.6,122.6,215.0,36.3,241.1,866.0,Dunning,,NO,,,Forest,1.0,2.0,Carnivore,Vertivore,Generalist,17.1,70.39,54.91,19.06,31775270.74
7995.0,species,comblh1,Common Black Hawk,Buteogallus anthracinus,Accipitriformes,"Accipitridae (Hawks, Eagles, and Kites)",,,Common Black Hawk,3166.0,Buteogallus anthracinus,Accipitridae,Accipitriformes,AVIBASE-97FDBB06,5.0,2.0,3.0,0.0,4.0,39.6,25.1,12.9,17.5,78.6,355.2,106.0,239.5,30.7,206.2,975.1,Dunning,,NO,,,Woodland,2.0,1.0,Carnivore,Aquatic predator,Insessorial,-3.68,34.7,18.62,-93.02,1898078.97
,,,,,,,,,Godlewskiapostrophes Bunting,,,,,,,,,,,,,,,,,,,,,,,,,,,,,,,,,,,,,
30494.0,species,houspa,House Sparrow,Passer domesticus,Passeriformes,Passeridae (Old World Sparrows),,,House Sparrow,9910.0,Passer domesticus,Passeridae,Passeriformes,AVIBASE-240E3390,25.0,12.0,13.0,0.0,8.0,13.5,9.1,6.3,7.4,17.9,74.9,20.4,54.4,27.3,57.2,26.5,Dunning,,NO,,,Human Modified,3.0,1.0,Herbivore,Granivore,Terrestrial,5.91,71.19,46.32,61.68,34407867.59
8036.0,species,whthaw,White-tailed Hawk,Geranoaetus albicaudatus,Accipitriformes,"Accipitridae (Hawks, Eagles, and Kites)",,,White-tailed Hawk,3175.0,Geranoaetus albicaudatus,Accipitridae,Accipitriformes,AVIBASE-72A83836,4.0,1.0,2.0,1.0,4.0,37.4,22.3,13.8,16.4,87.3,427.0,148.1,279.0,34.8,199.0,885.0,Dunning,,NO,,,Grassland,3.0,1.0,Carnivore,Vertivore,Generalist,-40.32,29.69,-11.82,-58.97,9466789.11
,,,,,,,,,Montaguapostrophes Harrier,,,,,,,,,,,,,,,,,,,,,,,,,,,,,,,,,,,,,
31253.0,species,houfin,House Finch,Haemorhous mexicanus,Passeriformes,"Fringillidae (Finches, Euphonias, and Allies)",,,House Finch,10152.0,Haemorhous mexicanus,Fringillidae,Passeriformes,AVIBASE-89431E9F,5.0,2.0,3.0,0.0,4.0,10.6,8.4,6.6,8.2,17.4,77.2,21.2,55.8,27.5,66.2,21.4,Dunning,,NO,,,Shrubland,2.0,2.0,Herbivore,Granivore,Insessorial,16.79,55.29,38.88,-100.57,10299459.91
7945.0,species,redkit1,Red Kite,Milvus milvus,Accipitriformes,"Accipitridae (Hawks, Eagles, and Kites)",,,Red Kite,3148.0,Milvus milvus,Accipitridae,Accipitriformes,AVIBASE-451D6FC8,17.0,12.0,2.0,3.0,12.0,40.2,26.6,13.2,18.7,52.9,481.5,241.6,241.6,49.9,317.3,1071.8,Dunning,,NO,,,Shrubland,2.0,2.0,Omnivore,Omnivore,Generalist,14.8,61.66,48.65,10.52,1698401.57
8829.0,species,sheowl,Short-eared Owl,Asio flammeus,Strigiformes,Strigidae (Owls),,,Short-eared Owl,2875.0,Asio flammeus,Strigidae,Strigiformes,AVIBASE-8F123A11,5.0,2.0,2.0,1.0,4.0,27.3,13.7,9.0,13.0,42.5,297.2,141.0,156.2,47.5,146.5,322.6,Dunning,,NO,,,Grassland,3.0,3.0,Carnivore,Vertivore,Aerial,-55.05,74.25,49.62,11.33,39874062.36
23242.0,species,banswa,Bank Swallow,Riparia riparia,Passeriformes,Hirundinidae (Swallows),,,Bank Swallow,7733.0,Riparia riparia,Hirundinidae,Passeriformes,AVIBASE-94A1C447,26.0,8.0,17.0,1.0,4.0,9.4,5.0,3.7,2.5,10.5,101.8,54.0,47.9,53.0,47.2,12.7,Dunning,,NO,,,Riverine,3.0,3.0,Carnivore,Invertivore,Aerial,24.15,72.45,54.72,29.5,36583654.61
240.0,species,bahgoo,Bar-headed Goose,Anser indicus,Anseriformes,"Anatidae (Ducks, Geese, and Waterfowl)",,,Bar-headed Goose,413.0,Anser indicus,Anatidae,Anseriformes,AVIBASE-B7159EF0,5.0,2.0,3.0,0.0,4.0,49.9,25.2,19.8,14.0,70.8,437.8,215.2,213.0,50.3,132.6,2212.6,Dunning,,NO,,,Wetland,3.0,3.0,Herbivore,Herbivore terrestrial,Terrestrial,28.63,51.63,41.25,86.98,2371478.0
7486.0,species,swtkit,Swallow-tailed Kite,Elanoides forficatus,Accipitriformes,"Accipitridae (Hawks, Eagles, and Kites)",,,Swallow-tailed Kite,2972.0,Elanoides forficatus,Accipitridae,Accipitriformes,AVIBASE-1BAC6645,5.0,2.0,3.0,0.0,4.0,29.4,19.0,10.2,12.3,33.5,412.8,189.1,214.7,46.9,279.2,416.2,Dunning,,NO,,,Forest,2.0,3.0,Carnivore,Invertivore,Generalist,-36.81,47.17,-5.62,-60.19,13295665.49
11443.0,species,laufal1,Laughing Falcon,Herpetotheres cachinnans,Falconiformes,Falconidae (Falcons and Caracaras),,,Laughing Falcon,4010.0,Herpetotheres cachinnans,Falconidae,Falconiformes,AVIBASE-24C90C1A,9.0,3.0,6.0,0.0,8.0,33.2,18.3,12.6,20.7,58.9,272.4,51.0,217.8,18.9,219.0,623.6,Dunning,,NO,,,Forest,2.0,1.0,Carnivore,Vertivore,Insessorial,-29.26,28.93,-5.54,-60.9,13330796.59
5640.0,species,euroys1,Eurasian Oystercatcher,Haematopus ostralegus,Charadriiformes,Haematopodidae (Oystercatchers),,,Eurasian Oystercatcher,2345.0,Haematopus ostralegus,Haematopodidae,Charadriiformes,AVIBASE-ED663165,21.0,9.0,12.0,0.0,4.0,76.1,59.1,7.5,11.8,49.9,250.3,129.5,123.2,51.2,106.0,526.0,Dunning,,NO,,,Coastal,3.0,1.0,Carnivore,Aquatic predator,Terrestrial,34.19,71.19,52.94,67.16,9505624.97
23291.0,species,barswa,Barn Swallow,Hirundo rustica,Passeriformes,Hirundinidae (Swallows),,,Barn Swallow,7714.0,Hirundo rustica,Hirundinidae,Passeriformes,AVIBASE-58C502EA,68.0,23.0,24.0,21.0,10.0,12.4,6.0,4.5,2.7,11.7,115.8,62.3,56.0,52.6,71.4,17.9,Dunning,,NO,,,Human Modified,3.0,3.0,Carnivore,Invertivore,Aerial,-37.53,71.13,47.56,34.57,51701054.06
8481.0,species,grhowl,Great Horned Owl,Bubo virginianus,Strigiformes,Strigidae (Owls),,,Great Horned Owl,2926.0,Bubo virginianus,Strigidae,Strigiformes,AVIBASE-FC366114,4.0,2.0,2.0,0.0,4.0,44.7,24.7,17.8,25.4,75.4,371.2,112.7,258.5,30.4,197.0,1354.5,Updated_literature,Earhart & Johnson (1970),NO,,,Forest,2.0,1.0,Carnivore,Vertivore,Insessorial,-35.8,68.52,34.04,-94.19,24426738.59
32921.0,species,comyel,Common Yellowthroat,Geothlypis trichas,Passeriformes,Parulidae (New World Warblers),,,Common Yellowthroat,10595.0,Geothlypis trichas,Parulidae,Passeriformes,AVIBASE-BA4C8A02,23.0,7.0,16.0,0.0,5.0,12.7,7.9,3.0,3.3,20.2,54.7,8.5,44.3,16.1,49.4,9.5,Dunning,,NO,,,Wetland,1.0,3.0,Carnivore,Invertivore,Insessorial,18.49,65.84,44.7,-101.34,12826786.25
8440.0,species,easowl1,Eastern Screech-Owl,Megascops asio,Strigiformes,Strigidae (Owls),,,Eastern Screech-Owl,2883.0,Megascops asio,Strigidae,Strigiformes,AVIBASE-A69062C8,5.0,3.0,2.0,0.0,4.0,22.0,12.5,6.4,11.8,35.5,168.5,48.4,120.1,28.8,77.5,180.0,Dunning,,NO,,,Woodland,2.0,1.0,Carnivore,Invertivore,Insessorial,21.45,50.06,38.29,-91.47,4938942.17
11494.0,species,amekes,American Kestrel,Falco sparverius,Falconiformes,Falconidae (Falcons and Caracaras),,,American Kestrel,4045.0,Falco sparverius,Falconidae,Falconiformes,AVIBASE-20C2214E,7.0,1.0,5.0,1.0,4.0,17.1,11.0,8.4,10.1,33.7,182.4,77.9,100.1,43.7,126.5,114.6,Dunning,,NO,,,Grassland,3.0,3.0,Carnivore,Omnivore,Insessorial,-54.28,68.66,22.05,-87.91,26638648.91
,,,,,,,,,Swainsonapostrophes Hawk,,,,,,,,,,,,,,,,,,,,,,,,,,,,,,,,,,,,,
8086.0,species,shthaw,Short-tailed Hawk,Buteo brachyurus,Accipitriformes,"Accipitridae (Hawks, Eagles, and Kites)",,,Short-tailed Hawk,3192.0,Buteo brachyurus,Accipitridae,Accipitriformes,AVIBASE-81463CC0,5.0,1.0,4.0,0.0,4.0,31.1,17.0,10.4,14.9,53.8,307.6,90.0,213.3,29.7,171.0,496.0,Dunning,,NO,,,Forest,1.0,1.0,Carnivore,Vertivore,Aerial,-30.69,29.85,-5.09,-62.04,14372802.04
27065.0,species,grycat,Gray Catbird,Dumetella carolinensis,Passeriformes,Mimidae (Mockingbirds and Thrashers),,,Gray Catbird,8816.0,Dumetella carolinensis,Mimidae,Passeriformes,AVIBASE-95B77F08,16.0,5.0,5.0,6.0,7.0,19.2,11.1,4.0,4.8,27.4,90.7,16.8,73.4,18.6,90.3,35.3,Dunning,,NO,,,Shrubland,1.0,3.0,Omnivore,Invertivore,Insessorial,28.33,55.06,42.61,-95.25,6824562.12
27176.0,species,normoc,Northern Mockingbird,Mimus polyglottos,Passeriformes,Mimidae (Mockingbirds and Thrashers),,,Northern Mockingbird,8828.0,Mimus polyglottos,Mimidae,Passeriformes,AVIBASE-7EFF698D,12.0,5.0,7.0,0.0,4.0,22.1,12.2,4.6,5.3,32.2,112.3,23.1,90.5,20.6,117.6,48.5,Dunning,,NO,,,Shrubland,2.0,3.0,Omnivore,Omnivore,Generalist,16.21,50.99,37.86,-98.85,10145517.51
1827.0,species,rocpig,Rock Pigeon,Columba livia,Columbiformes,Columbidae (Pigeons and Doves),Pigeons and Doves,,Rock Pigeon,586.0,Columba livia,Columbidae,Columbiformes,AVIBASE-BBA263C2,12.0,2.0,8.0,2.0,10.0,23.2,12.1,4.3,5.0,26.5,219.6,98.8,120.4,45.1,105.5,354.2,Dunning,,NO,,,Human Modified,3.0,1.0,Herbivore,Granivore,Terrestrial,5.92,62.4,33.52,51.08,17464191.46
7700.0,species,snakit,Snail Kite,Rostrhamus sociabilis,Accipitriformes,"Accipitridae (Hawks, Eagles, and Kites)",,,Snail Kite,3159.0,Rostrhamus sociabilis,Accipitridae,Accipitriformes,AVIBASE-6E4430A8,7.0,1.0,6.0,0.0,5.0,33.1,23.8,11.1,11.3,49.9,344.8,134.8,206.7,39.1,169.3,366.9,Dunning,,NO,,,Wetland,2.0,2.0,Carnivore,Aquatic predator,Insessorial,-37.65,29.74,-10.02,-58.23,11603405.03
33382.0,species,norcar,Northern Cardinal,Cardinalis cardinalis,Passeriformes,Cardinalidae (Cardinals and Allies),,,Northern Cardinal,10744.0,Cardinalis cardinalis,Cardinalidae,Passeriformes,AVIBASE-4E74AE22,64.0,24.0,40.0,0.0,8.0,17.6,14.7,9.3,12.3,24.5,93.5,14.2,77.7,15.5,101.8,42.6,Dunning,,NO,,,Shrubland,2.0,1.0,Herbivore,Omnivore,Insessorial,15.65,47.34,34.85,-92.41,5834572.06
11544.0,species,orihob1,Oriental Hobby,Falco severus,Falconiformes,Falconidae (Falcons and Caracaras),,,Oriental Hobby,4063.0,Falco severus,Falconidae,Falconiformes,AVIBASE-B9538B77,5.0,2.0,3.0,0.0,4.0,23.7,13.0,9.3,11.3,28.5,217.4,128.8,90.8,58.6,97.4,200.6,Dunning,,NO,,,Forest,3.0,3.0,Carnivore,Vertivore,Aerial,-11.85,31.51,11.43,114.69,3641161.59
23981.0,species,wlwwar,Willow Warbler,Phylloscopus trochilus,Passeriformes,Phylloscopidae (Leaf Warblers),,,Willow Warbler,7939.0,Phylloscopus trochilus,Phylloscopidae,Passeriformes,AVIBASE-88F4B969,28.0,14.0,13.0,1.0,7.0,12.8,6.6,2.6,2.6,19.3,65.9,17.1,48.8,25.9,52.3,8.7,Dunning,,NO,,,Forest,1.0,3.0,Carnivore,Invertivore,Insessorial,41.17,72.32,60.53,74.92,15839222.41
8430.0,species,wesowl1,Western Screech-Owl,Megascops kennicottii,Strigiformes,Strigidae (Owls),,,Western Screech-Owl,2880.0,Megascops kennicottii,Strigidae,Strigiformes,AVIBASE-89F8B6F5,5.0,3.0,2.0,0.0,4.0,24.4,12.9,6.8,12.7,39.9,176.8,47.9,128.8,27.1,85.2,141.8,Dunning,,NO,,,Forest,2.0,1.0,Carnivore,Invertivore,Insessorial,18.38,61.54,38.73,-114.58,3582764.44
8576.0,species,nopowl,Northern Pygmy-Owl,Glaucidium gnoma,Strigiformes,Strigidae (Owls),,,Northern Pygmy-Owl,2781.0,Glaucidium gnoma,Strigidae,Strigiformes,AVIBASE-63FB826E,4.0,1.0,3.0,0.0,4.0,14.1,8.6,4.9,9.6,17.4,87.8,17.4,70.3,19.8,62.5,61.3,Dunning,,NO,,,Forest,2.0,1.0,Carnivore,Invertivore,Insessorial,16.09,35.09,23.69,-103.88,585868.15
7720.0,species,easmah1,Eastern Marsh-Harrier,Circus spilonotus,Accipitriformes,"Accipitridae (Hawks, Eagles, and Kites)",,,Eastern Marsh-Harrier,3069.0,Circus spilonotus,Accipitridae,Accipitriformes,AVIBASE-A2F048C0,4.0,2.0,2.0,0.0,4.0,38.3,20.0,12.1,15.9,86.3,407.2,194.2,213.0,47.7,241.2,558.8,Dunning,,NO,,,Wetland,3.0,3.0,Carnivore,Vertivore,Aerial,39.66,64.43,52.88,121.45,5723030.46
7518.0,species,blabaz1,Black Baza,Aviceda leuphotes,Accipitriformes,"Accipitridae (Hawks, Eagles, and Kites)",,,Black Baza,2985.0,Aviceda leuphotes,Accipitridae,Accipitriformes,AVIBASE-139A5705,5.0,2.0,3.0,0.0,4.0,24.6,16.4,10.2,12.5,25.0,230.6,82.0,150.2,35.3,124.0,194.0,Dunning,,NO,,,Forest,2.0,3.0,Carnivore,Invertivore,Insessorial,8.56,33.35,23.21,103.96,3528791.57
23211.0,species,treswa,Tree Swallow,Tachycineta bicolor,Passeriformes,Hirundinidae (Swallows),,,Tree Swallow,7735.0,Tachycineta bicolor,Hirundinidae,Passeriformes,AVIBASE-BBA2F9DF,10.0,4.0,6.0,0.0,4.0,10.8,5.9,3.8,2.8,12.2,115.9,61.3,54.3,53.0,54.0,21.2,Dunning,,NO,,,Wetland,3.0,3.0,Carnivore,Invertivore,Aerial,33.0,68.64,52.15,-107.17,11720977.55
8094.0,species,rethaw,Red-tailed Hawk,Buteo jamaicensis,Accipitriformes,"Accipitridae (Hawks, Eagles, and Kites)",,,Red-tailed Hawk,3196.0,Buteo jamaicensis,Accipitridae,Accipitriformes,AVIBASE-536A5157,5.0,2.0,3.0,0.0,4.0,37.6,22.9,14.4,20.2,80.9,402.8,139.9,270.8,34.1,212.2,1101.2,Dunning,,NO,,,Woodland,2.0,3.0,Carnivore,Vertivore,Insessorial,8.36,68.66,45.5,-105.33,15462822.34
8050.0,species,whihaw1,White Hawk,Pseudastur albicollis,Accipitriformes,"Accipitridae (Hawks, Eagles, and Kites)",,,White Hawk,3178.0,Pseudastur albicollis,Accipitridae,Accipitriformes,AVIBASE-E35448DE,12.0,7.0,5.0,0.0,4.0,38.8,24.8,14.2,19.6,82.9,358.3,93.2,273.6,25.4,216.8,703.7,Dunning,,NO,,,Forest,1.0,1.0,Carnivore,Vertivore,Insessorial,-19.87,18.86,-3.96,-63.68,8478535.51
8193.0,species,brnowl,Barn Owl,Tyto alba,Strigiformes,Tytonidae (Barn-Owls),,,Barn Owl,2724.0,Tyto alba,Tytonidae,Strigiformes,AVIBASE-A6A7C34B,14.0,5.0,7.0,2.0,9.0,32.0,17.7,8.5,13.1,59.6,280.2,111.5,168.7,39.7,118.3,403.3,Dunning,,NO,,,Human Modified,3.0,1.0,Carnivore,Vertivore,Insessorial,-55.72,58.07,3.24,2.28,63140525.19
32187.0,species,sonspa,Song Sparrow,Melospiza melodia,Passeriformes,Passerellidae (New World Sparrows),,,Song Sparrow,10441.0,Melospiza melodia,Passerellidae,Passeriformes,AVIBASE-A5F09E05,6.0,2.0,3.0,1.0,5.0,13.4,8.5,5.3,6.7,21.5,66.3,13.2,52.6,20.1,67.2,21.9,Dunning,,NO,,,Shrubland,2.0,2.0,Omnivore,Omnivore,Generalist,18.99,62.57,47.88,-103.48,10313728.38
,,,,,,,,,Cooperapostrophes Hawk,,,,,,,,,,,,,,,,,,,,,,,,,,,,,,,,,,,,,
7445.0,species,whtkit,White-tailed Kite,Elanus leucurus,Accipitriformes,"Accipitridae (Hawks, Eagles, and Kites)",,,White-tailed Kite,2964.0,Elanus leucurus,Accipitridae,Accipitriformes,AVIBASE-CAA5E106,6.0,0.0,1.0,5.0,4.0,25.3,15.3,8.8,10.9,31.8,294.0,120.3,168.4,41.5,170.3,346.0,Dunning,,NO,,,Human Modified,3.0,2.0,Carnivore,Vertivore,Aerial,-43.45,46.27,-8.72,-64.01,12522294.39
22789.0,species,boowar1,Booted Warbler,Iduna caligata,Passeriformes,Acrocephalidae (Reed Warblers and Allies),,,Booted Warbler,7544.0,Iduna caligata,Acrocephalidae,Passeriformes,AVIBASE-1A6C6F17,5.0,2.0,3.0,0.0,4.0,12.0,7.5,2.8,2.6,19.3,59.4,10.1,49.4,17.0,45.6,8.9,Dunning,,NO,,,Shrubland,2.0,3.0,Carnivore,Invertivore,Insessorial,25.06,62.99,54.46,63.33,5841802.63
10892.0,species,dowwoo,Downy Woodpecker,Dryobates pubescens,Piciformes,Picidae (Woodpeckers),,,Downy Woodpecker,3972.0,Dryobates pubescens,Picidae,Piciformes,AVIBASE-1B2A6386,11.0,5.0,6.0,0.0,5.0,17.4,12.2,4.9,4.8,15.8,91.3,24.3,65.9,27.0,58.6,25.6,Dunning,,NO,,,Woodland,2.0,1.0,Carnivore,Invertivore,Insessorial,24.53,68.3,48.23,-104.67,12800223.82
6021.0,species,renpha,Red-necked Phalarope,Phalaropus lobatus,Charadriiformes,Scolopacidae (Sandpipers and Allies),,,Red-necked Phalarope,2524.0,Phalaropus lobatus,Scolopacidae,Charadriiformes,AVIBASE-E6F3BA54,9.0,3.0,5.0,1.0,4.0,24.4,19.1,2.5,2.7,18.8,109.0,54.4,55.2,49.6,50.6,36.7,Dunning,,NO,,,Wetland,3.0,3.0,Carnivore,Aquatic predator,Terrestrial,50.94,75.25,65.91,-35.96,9098836.74
8114.0,species,rolhaw,Rough-legged Hawk,Buteo lagopus,Accipitriformes,"Accipitridae (Hawks, Eagles, and Kites)",,,Rough-legged Hawk,3198.0,Buteo lagopus,Accipitridae,Accipitriformes,AVIBASE-90B13ACF,7.0,3.0,4.0,0.0,4.0,34.5,20.2,11.7,15.9,72.3,428.3,180.3,248.5,42.1,240.0,949.8,Dunning,,NO,,,Grassland,3.0,3.0,Carnivore,Vertivore,Insessorial,47.6,83.11,67.33,2.14,9709846.76
7732.0,species,norhar2,Northern Harrier,Circus hudsonius,Accipitriformes,"Accipitridae (Hawks, Eagles, and Kites)",,,Northern Harrier,3079.0,Circus hudsonius,Accipitridae,Accipitriformes,AVIBASE-A091D50A,4.0,2.0,2.0,0.0,4.0,31.1,17.2,10.1,13.2,82.0,360.9,161.1,199.8,44.6,212.9,393.0,DataFromSplit,,NO,,,Grassland,3.0,3.0,Carnivore,Vertivore,Aerial,30.02,69.8,52.86,-111.67,12347245.55
10918.0,species,haiwoo,Hairy Woodpecker,Dryobates villosus,Piciformes,Picidae (Woodpeckers),,,Hairy Woodpecker,,,,,,,,,,,,,,,,,,,,,,,,,,,,,,,,,,,,,
5793.0,species,killde,Killdeer,Charadrius vociferus,Charadriiformes,Charadriidae (Plovers and Lapwings),,,Killdeer,2373.0,Charadrius vociferus,Charadriidae,Charadriiformes,AVIBASE-BCF9A19A,4.0,2.0,2.0,0.0,4.0,21.5,13.1,3.5,4.2,34.4,158.8,83.5,75.2,52.6,85.8,96.4,Dunning,,NO,,,Wetland,3.0,3.0,Carnivore,Omnivore,Terrestrial,-18.69,68.94,44.7,-102.9,14759088.1
31551.0,species,amegfi,American Goldfinch,Spinus tristis,Passeriformes,"Fringillidae (Finches, Euphonias, and Allies)",,,American Goldfinch,10229.0,Spinus tristis,Fringillidae,Passeriformes,AVIBASE-C9ABA616,9.0,4.0,5.0,0.0,8.0,11.5,8.2,4.3,6.3,13.5,69.8,19.1,50.3,27.6,48.3,12.8,Dunning,,NO,,,Forest,1.0,1.0,Herbivore,Granivore,Insessorial,31.4,57.36,44.46,-96.32,7802444.22
7463.0,species,hobkit,Hook-billed Kite,Chondrohierax uncinatus,Accipitriformes,"Accipitridae (Hawks, Eagles, and Kites)",,,Hook-billed Kite,2970.0,Chondrohierax uncinatus,Accipitridae,Accipitriformes,AVIBASE-DCB3560C,7.0,3.0,3.0,1.0,4.0,36.2,27.0,12.4,18.4,33.6,285.3,59.8,224.2,21.0,197.6,286.1,Dunning,,NO,,,Forest,2.0,2.0,Carnivore,Invertivore,Insessorial,-27.24,26.3,-2.71,-64.2,9787616.08
26890.0,species,eursta,European Starling,Sturnus vulgaris,Passeriformes,Sturnidae (Starlings),,,European Starling,8683.0,Sturnus vulgaris,Sturnidae,Passeriformes,AVIBASE-94A44032,28.0,11.0,17.0,0.0,10.0,30.2,18.5,6.6,6.5,29.0,128.3,49.2,79.1,38.4,65.8,77.1,Dunning,,NO,,,Human Modified,3.0,2.0,Omnivore,Omnivore,Insessorial,24.55,71.19,50.32,52.41,17082191.68
26278.0,species,houwre,House Wren,Troglodytes aedon,Passeriformes,Troglodytidae (Wrens),,,House Wren,8598.0,Troglodytes aedon,Troglodytidae,Passeriformes,AVIBASE-7B6E99A9,104.0,12.0,20.0,72.0,26.0,15.9,9.8,3.0,3.1,20.1,51.4,6.7,44.9,12.9,41.1,10.9,Dunning,,NO,,,Shrubland,3.0,1.0,Carnivore,Invertivore,Insessorial,-55.72,59.66,4.96,-75.18,25653883.47
9782.0,species,belkin1,Belted Kingfisher,Megaceryle alcyon,Coraciiformes,Alcedinidae (Kingfishers),,,Belted Kingfisher,3446.0,Megaceryle alcyon,Alcedinidae,Coraciiformes,AVIBASE-3558066B,6.0,3.0,3.0,0.0,4.0,58.6,44.8,9.5,13.4,12.5,158.8,53.2,105.0,33.6,94.3,148.0,Dunning,,NO,,,Riverine,3.0,2.0,Carnivore,Aquatic predator,Insessorial,26.81,68.33,50.37,-106.94,13996585.38
7409.0,species,calcon,California Condor,Gymnogyps californianus,Cathartiformes,Cathartidae (New World Vultures),"Vultures, Hawks, and Allies",,California Condor,2958.0,Gymnogyps californianus,Cathartidae,Cathartiformes,AVIBASE-24F14328,4.0,0.0,4.0,0.0,4.0,96.5,65.3,33.2,39.0,115.8,788.0,323.5,464.5,41.1,350.8,8442.7,Dunning,,NO,,,Shrubland,3.0,1.0,Scavenger,Scavenger,Terrestrial,30.72,37.44,35.94,-117.33,101747.84
8123.0,species,combuz1,Common Buzzard,Buteo buteo,Accipitriformes,"Accipitridae (Hawks, Eagles, and Kites)",,,Common Buzzard,3203.0,Buteo buteo,Accipitridae,Accipitriformes,AVIBASE-3C0C325D,19.0,6.0,11.0,2.0,9.0,35.9,22.1,12.6,16.6,75.8,382.9,147.2,236.9,38.3,214.4,759.1,Dunning,,NO,,,Grassland,3.0,2.0,Carnivore,Vertivore,Insessorial,14.89,67.81,52.89,40.23,11719424.27
32732.0,species,bnhcow,Brown-headed Cowbird,Molothrus ater,Passeriformes,Icteridae (Troupials and Allies),,,Brown-headed Cowbird,10527.0,Molothrus ater,Icteridae,Passeriformes,AVIBASE-1E1AB415,5.0,2.0,3.0,0.0,4.0,17.6,11.1,5.8,8.9,24.7,105.0,33.9,68.8,33.0,69.8,40.3,Dunning,,NO,,,Forest,2.0,3.0,Carnivore,Invertivore,Terrestrial,17.0,67.45,43.0,-101.66,11727469.53
,,,,,,,,,Humeapostrophes Lark,,,,,,,,,,,,,,,,,,,,,,,,,,,,,,,,,,,,,
28785.0,species,norwhe,Northern Wheatear,Oenanthe oenanthe,Passeriformes,Muscicapidae (Old World Flycatchers),,,Northern Wheatear,9334.0,Oenanthe oenanthe,Muscicapidae,Passeriformes,AVIBASE-DF526047,29.0,13.0,16.0,0.0,4.0,17.9,9.9,3.7,3.7,27.3,95.1,30.5,64.6,32.1,56.7,25.4,Dunning,,NO,,,Grassland,3.0,3.0,Carnivore,Invertivore,Insessorial,28.01,81.4,56.46,53.12,29248291.46
27185.0,species,easblu,Eastern Bluebird,Sialia sialis,Passeriformes,Turdidae (Thrushes and Allies),,,Eastern Bluebird,8848.0,Sialia sialis,Turdidae,Passeriformes,AVIBASE-A8347C7D,4.0,2.0,2.0,0.0,4.0,15.4,9.1,4.2,4.5,19.7,95.8,31.4,64.4,32.8,62.5,27.5,Dunning,,NO,,,Woodland,2.0,2.0,Carnivore,Invertivore,Insessorial,12.85,53.98,38.51,-89.69,5460000.0
11371.0,species,norfli,Northern Flicker,Colaptes auratus,Piciformes,Picidae (Woodpeckers),,,Northern Flicker,3870.0,Colaptes auratus,Picidae,Piciformes,AVIBASE-2B7F2525,14.0,7.0,7.0,0.0,10.0,38.4,27.6,8.2,7.9,28.4,151.8,37.5,114.3,24.8,105.3,131.5,Dunning,,NO,,,Shrubland,2.0,2.0,Carnivore,Invertivore,Generalist,19.26,68.71,50.48,-99.78,10804791.76
